               epoch,      train/box_loss,      train/obj_loss,      train/cls_loss,   metrics/precision,      metrics/recall,     metrics/mAP_0.5,metrics/mAP_0.5:0.95,        val/box_loss,        val/obj_loss,        val/cls_loss,               x/lr0,               x/lr1,               x/lr2
                   0,            0.099143,            0.029708,            0.028288,               0.217,             0.19331,             0.11734,            0.037523,            0.078071,            0.015596,            0.022574,            0.070732,            0.003252,            0.003252
                   1,            0.070469,            0.030674,            0.020992,             0.41224,             0.34686,             0.29201,             0.12009,            0.064005,            0.015012,            0.012348,            0.039428,           0.0052815,           0.0052815
                   2,            0.065013,            0.028348,             0.01332,             0.55028,              0.3731,              0.3427,             0.14964,            0.063548,            0.012661,           0.0099072,           0.0068039,           0.0059909,           0.0059909
                   3,            0.056538,            0.027417,           0.0092592,             0.71103,             0.55321,             0.59646,             0.26532,            0.054341,            0.012115,           0.0056854,             0.00406,             0.00406,             0.00406
                   4,            0.053599,            0.025215,           0.0074252,             0.46693,             0.68487,             0.49534,             0.25213,            0.050253,            0.011271,           0.0072579,             0.00406,             0.00406,             0.00406
